provider,ticker,title,summary,url,image,source,published_at_utc,collected_at_utc
finnhub,NVDA,On Semiconductor's $6B Capitulation Is Here,"Discover why On Semiconductor (ON) is rated Buy with 25% upside, bolstered by $6B buyback and AI data center growth.",https://finnhub.io/api/news?id=3f6361113d31c892b021d783d5caaff5469696e9228cf2312b41b9602fee6fdd,https://static.seekingalpha.com/cdn/s3/uploads/getty_images/2244276226/image_2244276226.jpg?io=getty-c-w1536,SeekingAlpha,2025-12-10T10:24:16Z,2025-12-10T15:58:10.929305+00:00
finnhub,NVDA,Nvidia: $11T Market Cap By FY2030 - AI Monetization Deepens,"Nvidia Corporation remains a top AI stock pick with strong growth, robust demand, and innovation despite rising competition. Click here for this NVDA update.",https://finnhub.io/api/news?id=20566bb82fe5e3b246a4ec674c24a8936a537572850c52c5e8a7adc56d1208dc,https://static.seekingalpha.com/cdn/s3/uploads/getty_images/640351099/image_640351099.jpg?io=getty-c-w1536,SeekingAlpha,2025-12-10T10:16:15Z,2025-12-10T15:58:10.929305+00:00
finnhub,NVDA,Nvidia Stock: Not The Roaring Buy It Once Was,"Get the latest analysis on Nvidia Corporation: explore valuation concerns, bearish trends, and what future sales could mean for investors. Click for more on NVDA.",https://finnhub.io/api/news?id=de2a2563f5048752302ea32613e1237355813a533f9975c320619d4b918c0e17,https://static.seekingalpha.com/cdn/s3/uploads/getty_images/1496098727/image_1496098727.jpg?io=getty-c-w1536,SeekingAlpha,2025-12-10T09:32:51Z,2025-12-10T15:58:10.929305+00:00
finnhub,NVDA,Wall Street Breakfast Podcast: Big Bitcoin Bull Blinks,Standard Chartered strategist cuts his 2026 bitcoin forecast in half. Nvidia to offer LoJack for its GPUs? Whatâs behind silverâs big surge?,https://finnhub.io/api/news?id=fdc2d6c230816a9135ba23ae6d47b75184fc01ea099060f8755c32044a83abb6,https://static.seekingalpha.com/cdn/s3/uploads/getty_images/914886116/image_914886116.jpg?io=getty-c-w1536,SeekingAlpha,2025-12-10T07:58:22Z,2025-12-10T15:58:10.929305+00:00
finnhub,NVDA,"Before The Crowd Sees It, I'm Positioning For A Super Bullish New Year","I see stagflation and recession fears as overblown, with leading indicators pointing toward economic recovery. Read more about the market outlook here.",https://finnhub.io/api/news?id=f5464c937c90f534e6717e422b439db8f967468d0e4ae68fce087d5d55e4c4e4,https://static.seekingalpha.com/cdn/s3/uploads/getty_images/2182353300/image_2182353300.jpg?io=getty-c-w1536,SeekingAlpha,2025-12-10T07:30:00Z,2025-12-10T15:58:10.929305+00:00
finnhub,NVDA,Janus Henderson Research Fund Q3 2025 Portfolio Review,"An underweight position in device and services company Apple (AAPL) detracted from relative performance, as the stock outperformed during the period. Read more here.",https://finnhub.io/api/news?id=8637fa3098aa048db9a5e8d566ac6d2b189baddb578fd81279a85af33c286ec2,https://static.seekingalpha.com/cdn/s3/uploads/getty_images/2208603114/image_2208603114.jpg?io=getty-c-w1536,SeekingAlpha,2025-12-10T01:00:00Z,2025-12-10T15:58:10.929305+00:00
finnhub,NVDA,Tracking Ron Baron's BAMCO Portfolio - Q3 2025 Update,"Ron Baron's BAMCO, Inc. 13F portfolio rose to $37.71B in Q3 2025. Read more about stake increases and decreases and the largest position in the portfolio here.",https://finnhub.io/api/news?id=5e36953a36a495e9dbc37d0313f0c6ff41b9f5058f35d62aa7542d6a375ec1d2,https://static.seekingalpha.com/cdn/s3/uploads/getty_images/1056792912/image_1056792912.jpg?io=getty-c-w1536,SeekingAlpha,2025-12-09T19:22:14Z,2025-12-10T15:58:10.929305+00:00
finnhub,NVDA,Prediction: This Surprising Growth Stock Will Reach -- and Stay in -- the Trillion-Dollar Club in 2026.,A new revenue driver may be just ahead.,https://finnhub.io/api/news?id=2810f161f4fd6ca02901c53523eee3a00b4f9c27412b1a8ff3523476a63d9327,https://s.yimg.com/rz/stage/p/yahoo_finance_en-US_h_p_finance_2.png,Yahoo,2025-12-09T18:35:00Z,2025-12-10T15:58:10.929305+00:00
finnhub,NVDA,Reddit Traders Cool on NVDA Stock After CEO Huang Warns of China’s AI Infrastructure Advantage,"Shares of Nvidia (NASDAQ:NVDA) slipped .5% today, coinciding with a noticeable shift in retail investor sentiment on platforms like Reddit and X from bullish to almost perfectly neutral. The company’s sentiment score dropped from 64/100 to 53/100 over a 12-hour window ending December 9, crossing into neutral territory for the first time in weeks. The ... Reddit Traders Cool on NVDA Stock After CEO Huang Warns of China’s AI Infrastructure Advantage",https://finnhub.io/api/news?id=dbb40e462e5a2e776fad2e41c1d10281df72fcd2b3ffefce8600dddb396a6c40,https://s.yimg.com/rz/stage/p/yahoo_finance_en-US_h_p_finance_2.png,Yahoo,2025-12-09T18:30:54Z,2025-12-10T15:58:10.929305+00:00
finnhub,NVDA,Nvidia (NVDA): Revisiting Valuation After US Greenlights H200 AI Chip Sales to Select Chinese Customers,"Nvidia (NVDA) just got a green light many investors doubted would come, as Washington moved to let the company ship its H200 AI chips to select Chinese customers, subject to a 25% export fee. See our latest analysis for NVIDIA. The policy shift has given fresh energy to a stock that was already on a strong run, with the share price at $185.55 and a year to date share price return of 34.16%. The five year total shareholder return of 1292.70% shows how powerful the long term AI story has...",https://finnhub.io/api/news?id=8337215f70190017a23d41eb244caaec6243da567bbcd931440e89c44892cb77,https://s.yimg.com/rz/stage/p/yahoo_finance_en-US_h_p_finance_2.png,Yahoo,2025-12-09T18:11:13Z,2025-12-10T15:58:10.929305+00:00
finnhub,NVDA,"Tech, Media & Telecom Roundup: Market Talk","Find insight on Walmart’s AI efforts, Nvidia, China’s domestic AI chips, and more in the latest Market Talks covering Technology, Media and Telecom.",https://finnhub.io/api/news?id=a4ab460aae27019ec5d920ad31d24231ecab06606af5f0d1db4de32d0de6801e,https://s.yimg.com/rz/stage/p/yahoo_finance_en-US_h_p_finance_2.png,Yahoo,2025-12-09T17:40:00Z,2025-12-10T15:58:10.929305+00:00
finnhub,NVDA,"Nvidia's H200 Chip Sales to China Remain Uncertain Despite Trump's Nod, Wedbush Says","Nvidia (NVDA) faces uncertainty around selling its H200 artificial intelligence chips in China, desp",https://finnhub.io/api/news?id=a00c6bba7cfa25c98cb80dd6d761add045f2aacbced9c6b7656967d063fe9f51,https://s.yimg.com/rz/stage/p/yahoo_finance_en-US_h_p_finance_2.png,Yahoo,2025-12-09T17:38:21Z,2025-12-10T15:58:10.929305+00:00
finnhub,NVDA,Micron Gets Boost as HSBC Initiates Coverage With Buy Rating,"Analyst sees multiyear upcycle driven by AI, cloud spending and tight supply",https://finnhub.io/api/news?id=8f3c6d977da4bcc2df35b042c99ae92773d87b21681dd677bea0b7c01cefbdb5,https://s.yimg.com/rz/stage/p/yahoo_finance_en-US_h_p_finance_2.png,Yahoo,2025-12-09T17:34:34Z,2025-12-10T15:58:10.929305+00:00
finnhub,NVDA,"fal Raises $140M in Series D Led by Sequoia, with Major Participation from Kleiner Perkins and New Investment from Alkeon Capital and NVentures (NVIDIA’s venture capital arm) to Accelerate the Future of Real-Time Generative Media","SAN FRANCISCO, December 09, 2025--fal, the real-time generative-media platform powering the next decade of AI-driven content, today announced a $140 million Series D financing. The round is led by Sequoia, with significant participation from Kleiner Perkins and new investment from NVentures, NVIDIA’s venture capital arm, and Alkeon Capital. The round also includes continued support from existing investors Andreessen Horowitz (a16z), Kindred Ventures, Meritech, Bessemer Venture Partners, Notable",https://finnhub.io/api/news?id=b89e9daa5b7e184928c1f9e2a9390b227dcf4cf625051c32eb6d01704c000b4a,https://s.yimg.com/rz/stage/p/yahoo_finance_en-US_h_p_finance_2.png,Yahoo,2025-12-09T17:34:00Z,2025-12-10T15:58:10.929305+00:00
finnhub,NVDA,Goldman and Bernstein Signal More Upside Ahead for NVIDIA (NVDA),"NVIDIA Corporation (NASDAQ:NVDA) is one of the Must-Watch AI Stocks on Wall Street. On December 5, Bernstein reiterated the stock as “Outperform,” stating that the AI chipmaker is well positioned in the data center space. “The datacenter opportunity is enormous, and still early, with material upside still possible.” Another investment firm bullish on the AI behemoth is […]",https://finnhub.io/api/news?id=39824636c155e16e67da460fd6d554ef5e7e6b5702982912f0e7d6676b3a5b9c,https://s.yimg.com/rz/stage/p/yahoo_finance_en-US_h_p_finance_2.png,Yahoo,2025-12-09T17:30:59Z,2025-12-10T15:58:10.929305+00:00
finnhub,NVDA,The U.S. Just Authorized Nvidia Chip Sales to China. Here's What Investors Need to Know.,Nvidia's Jensen Huang says the China AI opportunity is worth billions of dollars.,https://finnhub.io/api/news?id=c02be6af659de56d8b84fecb9441477b32d530bb317136f71202057fcc3c10a2,https://s.yimg.com/rz/stage/p/yahoo_finance_en-US_h_p_finance_2.png,Yahoo,2025-12-09T17:30:00Z,2025-12-10T15:58:10.929305+00:00
finnhub,NVDA,"Apple's $4 Trillion Comeback: Why It's Now Beating Nvidia, Microsoft, and Meta at Their Own Game","As the AI frenzy fades, Apple's slow-and-steady play is turning into Silicon Valley's most valuable contrarian bet.",https://finnhub.io/api/news?id=f1d984a3715204cb2342fd3d5cf2f4bdaf5139e8731b275f5534f6cee78b0cc8,https://s.yimg.com/rz/stage/p/yahoo_finance_en-US_h_p_finance_2.png,Yahoo,2025-12-09T17:15:03Z,2025-12-10T15:58:10.929305+00:00
finnhub,NVDA,Nvidia Has Permission to Sell H200 Chips to China. Why It Might Not Matter Much for the Stock.,"While President Donald Trump plans to allow  Nvidia  to sell a more advanced artificial-intelligence chip to China, doubts over whether Beijing will permit sales in large volumes mean the stock isn’t receiving much of a boost.  China has effectively banned the country’s technology companies from buying Nvidia hardware.  Nvidia has said its current financial guidance doesn’t assume any revenue from China.",https://finnhub.io/api/news?id=89efa89c001eab615cd2cf8c24281ba008ae28ec07814ad1de4d4b8940237b96,https://s.yimg.com/rz/stage/p/yahoo_finance_en-US_h_p_finance_2.png,Yahoo,2025-12-09T17:11:00Z,2025-12-10T15:58:10.929305+00:00
finnhub,NVDA,US Equity Indexes Rise Amid Non-Technology Leadership,"US equity indexes rose, with basic materials, financials, and energy topping the sector charts in mi",https://finnhub.io/api/news?id=1d0240b34974ed568d7704101d69f54bbbed15622458e366999a86541283446f,https://s.yimg.com/rz/stage/p/yahoo_finance_en-US_h_p_finance_2.png,Yahoo,2025-12-09T17:10:07Z,2025-12-10T15:58:10.929305+00:00
finnhub,NVDA,Top Midday Stories: Nvidia H200 AI Chips' China Access; Google's EU Antitrust Probe; Amazon New York Drivers Join Teamsters Union,All three major US stock indexes were edging higher in late-morning trading on Tuesday after the Fed,https://finnhub.io/api/news?id=a3e7f50ebd9055239ec39df11c2e658f8ae2c9b9850952612c42b475ae7877b3,https://s.yimg.com/rz/stage/p/yahoo_finance_en-US_h_p_finance_2.png,Yahoo,2025-12-09T17:06:37Z,2025-12-10T15:58:10.929305+00:00
finnhub,TSLA,S&P 500: 8 'Big And Rich' Stocks With Near-Term Volatility To Exploit,Discover tactical trading strategies for top tech stocks dominating the S&P 500.,https://finnhub.io/api/news?id=e5ea3a1256a0810b57be43136b8e01e52cc75cb702e640943a990b8e9b4c042f,https://static.seekingalpha.com/cdn/s3/uploads/getty_images/1188531463/image_1188531463.jpg?io=getty-c-w1536,SeekingAlpha,2025-12-10T10:30:29Z,2025-12-10T15:58:42.263066+00:00
finnhub,TSLA,Tracking Ron Baron's BAMCO Portfolio - Q3 2025 Update,"Ron Baron's BAMCO, Inc. 13F portfolio rose to $37.71B in Q3 2025. Read more about stake increases and decreases and the largest position in the portfolio here.",https://finnhub.io/api/news?id=5e36953a36a495e9dbc37d0313f0c6ff41b9f5058f35d62aa7542d6a375ec1d2,https://static.seekingalpha.com/cdn/s3/uploads/getty_images/1056792912/image_1056792912.jpg?io=getty-c-w1536,SeekingAlpha,2025-12-09T19:22:14Z,2025-12-10T15:58:42.263066+00:00
finnhub,TSLA,RBC Backs Tesla’s (TSLA) Humanoid Strategy as the Robot Race Widens,"Tesla, Inc. (NASDAQ:TSLA) is one of the Must-Watch AI Stocks on Wall Street. On December 4, RBC reiterated the stock as “Outperform.” The firm believes that Tesla is a key player in the humanoid race but that the robot race remains wide open. “Tesla is focusing on deploying its Optimus humanoid robot across manufacturing, hospitality, and consumer […]",https://finnhub.io/api/news?id=660d7c17db0e0cd5091fb83cdb2c9c014925605d5ff4f08752218a4919f172ca,https://s.yimg.com/rz/stage/p/yahoo_finance_en-US_h_p_finance_2.png,Yahoo,2025-12-09T18:21:56Z,2025-12-10T15:58:42.263066+00:00
finnhub,TSLA,NextEra Sees a Golden Age for Power Demand—and Exxon and Tesla Stand to Gain,"Americans will be using 60% more electricity by 2045 than they do today, according to the electricity provider.",https://finnhub.io/api/news?id=b44254842f61b350e339d5731708d645dd9e7c477233b6d773dbe65f0c0bbff6,https://s.yimg.com/rz/stage/p/yahoo_finance_en-US_h_p_finance_2.png,Yahoo,2025-12-09T16:31:00Z,2025-12-10T15:58:42.263066+00:00
finnhub,TSLA,"With Rivian Stock Surging, Is It a Buy Before 2025 Ends?",Rivian is preparing to launch a Tesla Model Y rival while earning money from its Volkswagen deal.,https://finnhub.io/api/news?id=f634bde424c2689ab16dea7f4e5b73ab04ab8f63fc1a4bc7e3f35e1a4a3dfcd9,https://s.yimg.com/rz/stage/p/yahoo_finance_en-US_h_p_finance_2.png,Yahoo,2025-12-09T16:27:37Z,2025-12-10T15:58:42.263066+00:00
finnhub,TSLA,How Will Rivian Compete While Avoiding Hybrid or EREV Models?,"RIVN doubles down on pure EVs, betting upcoming R2 and R3 models can compete head-to-head with hybrids without using engines.",https://finnhub.io/api/news?id=2d673aa22cb761ba58c8366b1625ff34ae7fc6ef39f081aabae5b32e4be0fb79,https://s.yimg.com/rz/stage/p/yahoo_finance_en-US_h_p_finance_2.png,Yahoo,2025-12-09T16:24:00Z,2025-12-10T15:58:42.263066+00:00
finnhub,TSLA,Expert says Tesla is getting very close to unsupervised FSD,"Investing.com -- Tesla’s progress toward fully autonomous driving may be accelerating faster than investors realise, according to Piper Sandler.",https://finnhub.io/api/news?id=62946fdf9e9cbd32187f53cf0bda950e989e1a07dcdd19488f58b7b16fb0f9fc,https://s.yimg.com/rz/stage/p/yahoo_finance_en-US_h_p_finance_2.png,Yahoo,2025-12-09T16:17:57Z,2025-12-10T15:58:42.263066+00:00
finnhub,TSLA,What Trump's Nvidia China sales approval means for the Mag 7,"President Trump announced on Monday that he has approved Nvidia (NVDA) selling H200 chips in China. Yahoo Finance Senior Reporter Ines Ferré, Siebert Financial chief investment officer Mark Malek, and Principal Asset Management chief global strategist Seema Shah join Opening Bid host Brian Sozzi to discuss the impact on Nvidia, the artificial intelligence (AI) trade, and the ""Magnificent Seven."" To watch more expert insights and analysis on the latest market action, check out more Opening Bid.",https://finnhub.io/api/news?id=e8c6a49656bc6755602a9c399ca6018ae09023db4107de6a71b43cc18375846d,https://s.yimg.com/rz/stage/p/yahoo_finance_en-US_h_p_finance_2.png,Yahoo,2025-12-09T16:00:00Z,2025-12-10T15:58:42.263066+00:00
finnhub,TSLA,Dollar Stores Top Mag-7 in 2025: Time for Value & Dividend ETFs?,"Dollar stores are crushing the Mag-7 in 2025, signaling a shift to value. Is it time to look at RPV, RSPS, FLOW, MDPL and SDY?",https://finnhub.io/api/news?id=ee33849e6c947438310cd1800767e70bda8ffa94db55145e49c6d8fdd67feea4,https://s.yimg.com/rz/stage/p/yahoo_finance_en-US_h_p_finance_2.png,Yahoo,2025-12-09T16:00:00Z,2025-12-10T15:58:42.263066+00:00
finnhub,TSLA,"Ford, GM Race Ahead of the Market",Ford and GM stocks are outperforming the S&P 500 this year. They were supposed to be losers as the companies lagged Tesla in EV market share.,https://finnhub.io/api/news?id=37e92a75a1117d11cf98f166a938ccfc22c2cdfc732b86b3261aab0b580c1815,https://s.yimg.com/rz/stage/p/yahoo_finance_en-US_h_p_finance_2.png,Yahoo,2025-12-09T15:15:35Z,2025-12-10T15:58:42.263066+00:00
finnhub,TSLA,Tesla’s Europe Prospects Take a Beating,Tesla faces headwinds in Europe on both the self-driving and affordable products fronts. Shareholders increasingly see Tesla as a laggard in its industry.,https://finnhub.io/api/news?id=00595c875889f11f9e42be59dc9a46506be656c3304da1deb90ef5bc8d943ad4,https://s.yimg.com/rz/stage/p/yahoo_finance_en-US_h_p_finance_2.png,Yahoo,2025-12-09T15:15:15Z,2025-12-10T15:58:42.263066+00:00
finnhub,TSLA,"She's Holding Onto $650K In Tesla Stock, Waiting For It To Hit $1M. Dave Ramsey Says, 'I'm Not Dissing Tesla, But I'm Not Buying It'","A woman who worked at Tesla for six years is sitting on $650,000 worth of company stock, and she’s hoping it grows to $1 million before she sells. The 37-year-old project engineer earns $70,000 a year, rents for $1,000 a month, and has $20,000 in debt she plans to pay off this year. Despite having no cash savings, she’s holding onto the stock, nervous about tax implications and convinced it could rise further. Gambling, Not Strategy Personal finance experts Dave Ramsey and George Kamel discussed",https://finnhub.io/api/news?id=2feecb6f59d101ac8b1db77380799ed9eb176f90d28b2a29feb579809d8d569d,https://s.yimg.com/rz/stage/p/yahoo_finance_en-US_h_p_finance_2.png,Yahoo,2025-12-09T14:46:17Z,2025-12-10T15:58:42.263066+00:00
finnhub,TSLA,Tesla Is All-In On Autonomous Driving And AI. Is Rivian Poised To Compete?,"Rivian holds its ""Autonomy & AI Day"" on Thursday at 12 p.m. ET.  While the format and the exact details of the event are still unknown, CEO RJ Scaringe said during the Q3 earnings call on Nov. 4 that Rivian will discuss and share information about its autonomous platform along with the ""hardware and software road map"" during the Dec. 11 event.  ""Over the long term, we expect the industry to be fully electric, autonomous and software defined,"" Scaringe told analysts last month.",https://finnhub.io/api/news?id=5463b0203bed2d15509410a64a43746526f347612dfed874aedf966ba18bf6d9,https://s.yimg.com/rz/stage/p/yahoo_finance_en-US_h_p_finance_2.png,Yahoo,2025-12-09T14:32:00Z,2025-12-10T15:58:42.263066+00:00
finnhub,TSLA,Kodiak AI: Building The AI Truck Driver Of The Future Or SPAC Illusion?,"Discover why Kodiak AI, Inc. is a Buy for early autonomous trucking exposure. Learn about their growth, valuation, and market potential. Click for more on KDK.",https://finnhub.io/api/news?id=5bbcbb44a16ee2e3722ef070ded24cb1f6389aa16fb3516ce5ad1bd6fc5490b7,https://static.seekingalpha.com/cdn/s3/uploads/getty_images/2193455825/image_2193455825.jpg?io=getty-c-w1536,SeekingAlpha,2025-12-09T14:12:38Z,2025-12-10T15:58:42.263066+00:00
finnhub,TSLA,Volvo Just Quietly Built the iOS of EVs--And Might Sell It,"With EX90 bugs fixed and the EX60 weeks away, Volvo is now shopping its software stack to global partners--minus China.",https://finnhub.io/api/news?id=a94e58d9cd60cc2609dc0ce2317d7e7aa26ec1de86c303dcadaa9c20f7f377c5,https://s.yimg.com/rz/stage/p/yahoo_finance_en-US_h_p_finance_2.png,Yahoo,2025-12-09T13:58:46Z,2025-12-10T15:58:42.263066+00:00
finnhub,TSLA,Fintech Startup BON Credit Secures $3.5 Million In Funding,"BON Credit, an AI platform focused on Generation Z credit and debt management, announced today it has raised $3.5 million in a funding round led by VenturesLab.",https://finnhub.io/api/news?id=432d48db49425b1097d188d92a9a40deb76a7c67cf3443e00a4582cd012ae350,https://s.yimg.com/rz/stage/p/yahoo_finance_en-US_h_p_finance_2.png,Yahoo,2025-12-09T13:56:00Z,2025-12-10T15:58:42.263066+00:00
finnhub,TSLA,Tesla China Sales Decline Again. Can It Salvage a Bad Year?,"Tesla sold some 73,000 cars in China in November, leaving sales in that country down about 6% year over year.",https://finnhub.io/api/news?id=ebfbba27d53144869fd9a16eda59a72f839a349bbed78345a631f562ca0245f4,https://s.yimg.com/rz/stage/p/yahoo_finance_en-US_h_p_finance_2.png,Yahoo,2025-12-09T13:00:00Z,2025-12-10T15:58:42.263066+00:00
finnhub,TSLA,"Cathie Wood Dumps Tesla Again, Pours Millions Into This Tech Gaint",ARK Funds Pivot to Baidu and WeRide Amid Tesla Sell-Off,https://finnhub.io/api/news?id=c357932a4c3ba39bb9706a57e30776313dc1fbcf9e1ad56bd4f211bbb70901dd,https://s.yimg.com/rz/stage/p/yahoo_finance_en-US_h_p_finance_2.png,Yahoo,2025-12-09T12:58:14Z,2025-12-10T15:58:42.263066+00:00
finnhub,TSLA,How Mag 7's lead over other stocks could shrink in 2026,"Yardeni Research president, Ed Yardeni, has changed his tune on the Big Tech trade, effectively switching to Underweight on ""Magnificent Seven"" stocks. HB Wealth chief market strategist, Gina Martin Adams, joins Market Catalysts host Julie Hyman to discuss the health of the Big Tech trade and explain where she sees it heading next year. To watch more expert insights and analysis on the latest market action, check out more Market Catalysts.",https://finnhub.io/api/news?id=6ed6bd50ae38d80089e303e3a7fd20f4f08b255ba68367ab4d62731d96f6f094,https://s.yimg.com/rz/stage/p/yahoo_finance_en-US_h_p_finance_2.png,Yahoo,2025-12-09T12:00:52Z,2025-12-10T15:58:42.263066+00:00
finnhub,TSLA,Energy Transition Today - Yəyus Energy: Wind Power and Cultural Empowerment Collaboration,"Capstone Infrastructure Corporation and the Wei Wai Kum First Nation have announced the renaming and new branding of the Brewster Wind Project to Yəyus Energy, symbolizing a significant advancement in the energy transition on Vancouver Island. The project, reflecting a partnership between the two entities within the traditional territory of the Ligʷiłdaxʷ peoples, aims to harness wind energy to power over 50,000 homes annually. The renaming underscores the project's commitment to renewable...",https://finnhub.io/api/news?id=f10cb7d6be4b443fa10d4f36effa9ac287aa408d94cc263db769b32254548fde,https://s.yimg.com/rz/stage/p/yahoo_finance_en-US_h_p_finance_2.png,Yahoo,2025-12-09T11:37:11Z,2025-12-10T15:58:42.263066+00:00
finnhub,ASML,ASML Stock Slips as Shock Report Flags Customer Ties to Chinese Military,ASML Back in the Spotlight After Dutch Broadcast Triggers China Sales Concerns,https://finnhub.io/api/news?id=e7ae9ad45e90bb1017ca97c2476b18ba2324f0369e631bd7cf3679fc9bc38b76,https://s.yimg.com/rz/stage/p/yahoo_finance_en-US_h_p_finance_2.png,Yahoo,2025-12-09T17:15:58Z,2025-12-10T15:59:13.573044+00:00
finnhub,ASML,Investor Optimism Around AI Boosted ASML (ASML) in Q3,"Polen Capital, an investment management company, released its third-quarter 2025 “Polen International Growth Strategy” investor letter. A copy of the letter can be downloaded here. The strategy returned -4.23% gross and -4.53% net of fees in the quarter, compared to the MSCI ACWI’s (ex-USA) 6.89% gain. The strategy’s concentrated approach to quality investing failed to […]",https://finnhub.io/api/news?id=502b52d4acb18859eaebba00db2514716a3a16d18591de8e96f995bbd3f5faf1,https://s.yimg.com/rz/stage/p/yahoo_finance_en-US_h_p_finance_2.png,Yahoo,2025-12-09T12:44:44Z,2025-12-10T15:59:13.573044+00:00
finnhub,ASML,ASML vs. TSM: Which Semiconductor Powerhouse Offers More Upside?,"Taiwan Semiconductor's surging AI-driven revenues, aggressive expansion and stronger long-term growth outlook make it a better investment option than ASML Holding.",https://finnhub.io/api/news?id=67de9ec9875eefcce610ee8d406402f619dd61131585a0c2f07d2f0df067dc30,https://s.yimg.com/rz/stage/p/yahoo_finance_en-US_h_p_finance_2.png,Yahoo,2025-12-09T12:35:00Z,2025-12-10T15:59:13.573044+00:00
finnhub,ASML,"ASML customers include at least one with Chinese military links, Nieuwsuur reports","Customers of chip equipment maker ASML include at least one ​firm with links to the Chinese ‌military, Dutch television program Nieuwsuur reported on Tuesday.  The company said ‌in a response that it could not confirm the report, but that it abides by all export laws, and so any equipment it ⁠has sold was ‌either granted an export license or does not fall under restrictions.  Nieuwsuur reported ‍that ASML had sold parts to a subsidiary of state-owned China Electronics Technology Group, an important supplier ​to the Chinese army.",https://finnhub.io/api/news?id=aa1e3da0e8c983c74f7601470bcd02af0552a82b814dac1fef940e8bd0292e89,https://s.yimg.com/rz/stage/p/yahoo_finance_en-US_h_p_finance_2.png,Yahoo,2025-12-09T06:16:37Z,2025-12-10T15:59:13.573044+00:00
finnhub,ASML,2 Potential Stock Splits to Watch for in 2026,"After experiencing incredible rallies during 2025, these two stocks could decide to ""split it"" in 2026.",https://finnhub.io/api/news?id=a3a0538c82a1b28d652c6acd410c14e646889b561a9ea5c83fa26dd834237341,https://s.yimg.com/rz/stage/p/yahoo_finance_en-US_h_p_finance_2.png,Yahoo,2025-12-09T05:37:00Z,2025-12-10T15:59:13.573044+00:00
finnhub,ASML,5 Stocks to Buy as AI Enthusiasm Continues to Drive Semiconductor Sales,"AI-driven chip demand surges, lifting semiconductor outlook and spotlighting NVDA, SLAB, TSM, ADI and ASML as potential beneficiaries.",https://finnhub.io/api/news?id=ca7ad1e2f160efb0990ee0deab71a364bc65d4b768cd46872c3b19fb85712c9d,https://s.yimg.com/rz/stage/p/yahoo_finance_en-US_h_p_finance_2.png,Yahoo,2025-12-08T13:39:00Z,2025-12-10T15:59:13.573044+00:00
finnhub,ASML,ASML reports transactions under its current share buyback program,"ASML reports transactions under its current share buyback program VELDHOVEN, the Netherlands – ASML Holding N.V. (ASML) reports the following transactions, conducted under ASML's current share buyback program. DateTotal repurchased sharesWeighted average priceTotal repurchased value01-Dec-25 39,527 €915.08 €36,170,185 02-Dec-25 38,518 €939.05 €36,170,216 03-Dec-25 37,709 €959.19 €36,169,986 04-Dec-25 37,502 €964.47 €36,169,723 05-Dec-25 37,625 €961.33 €36,170,019 ASML’s current share buyback pro",https://finnhub.io/api/news?id=592989aa8c557724b24fd274f32c825cebea1528eaeffc1d9c72463953a8fbc0,https://s.yimg.com/rz/stage/p/yahoo_finance_en-US_h_p_finance_2.png,Yahoo,2025-12-08T13:00:00Z,2025-12-10T15:59:13.573044+00:00
finnhub,ASML,Is ASML (NasdaqGS:ASML) Overvalued After Its Strong Recent Share Price Run?,"ASML Holding (NasdaqGS:ASML) has quietly kept rewarding patient investors, with the stock up roughly 8% over the past month and almost 38% in the past 3 months as chip demand expectations improve. See our latest analysis for ASML Holding. That move sits within a much bigger upswing, with the share price returning around 57% year to date and a robust 1 year total shareholder return of roughly 56%. This suggests momentum is still building as investors lean into the semiconductor upcycle and...",https://finnhub.io/api/news?id=3b812024b5504ecd2818afb1dda6d5f51c55db8c57852d3b5181f3409ecfd765,https://s.yimg.com/rz/stage/p/yahoo_finance_en-US_h_p_finance_2.png,Yahoo,2025-12-07T22:05:05Z,2025-12-10T15:59:13.573044+00:00
finnhub,ASML,"Up 59%, Should You Buy ASML Right Now?",The manufacturer is trading at an all-time high.,https://finnhub.io/api/news?id=3ca9b04056a655b430bc53b15ef5a1199e2d737d27dbc9d53143a1dde7f8c2f6,https://s.yimg.com/rz/stage/p/yahoo_finance_en-US_h_p_finance_2.png,Yahoo,2025-12-07T01:35:00Z,2025-12-10T15:59:13.573044+00:00
finnhub,ASML,Taiwan Semiconductor Manufacturing vs. ASML: Which Stock Will Outperform in 2026?,"Both stocks should have strong 2026s, but one stands out.",https://finnhub.io/api/news?id=b92da751733ae5eae73c9c35c3d519b6d5ebf72fd33351cadfdc2d892f33f8ae,https://s.yimg.com/rz/stage/p/yahoo_finance_en-US_h_p_finance_2.png,Yahoo,2025-12-05T18:35:00Z,2025-12-10T15:59:13.573044+00:00
finnhub,ASML,Brokers Suggest Investing in ASML (ASML): Read This Before Placing a Bet,"The average brokerage recommendation (ABR) for ASML (ASML) is equivalent to a Buy. The overly optimistic recommendations of Wall Street analysts make the effectiveness of this highly sought-after metric questionable. So, is it worth buying the stock?",https://finnhub.io/api/news?id=f151ed912b7c74711314742f6767a62482b4915b24b52136bd6c178aea786ff9,https://s.yimg.com/rz/stage/p/yahoo_finance_en-US_h_p_finance_2.png,Yahoo,2025-12-05T14:30:03Z,2025-12-10T15:59:13.573044+00:00
finnhub,ASML,"With Netflix's 10-for-1 Stock Split Complete, Here Are 3 Growth Stocks to Buy in December That Could Issue Stock Splits in 2026","Surging stock prices and earnings growth potential make Meta Platforms, ASML, and Eli Lilly ripe for stock splits in the new year.",https://finnhub.io/api/news?id=fb2fc2f3bd906b2ccebce73f1de644c53dd3248cab30b29ae8eff3b33f92ec95,https://s.yimg.com/rz/stage/p/yahoo_finance_en-US_h_p_finance_2.png,Yahoo,2025-12-05T07:50:00Z,2025-12-10T15:59:13.573044+00:00
finnhub,ASML,Are You Looking for a Top Momentum Pick? Why ASML (ASML) is a Great Choice,Does ASML (ASML) have what it takes to be a top stock pick for momentum investors? Let's find out.,https://finnhub.io/api/news?id=01b1b6f7245fa8b0465cd2fce1f0de61d875e355218e93398da0a91c755b6f29,https://s.yimg.com/rz/stage/p/yahoo_finance_en-US_h_p_finance_2.png,Yahoo,2025-12-04T17:00:02Z,2025-12-10T15:59:13.573044+00:00
finnhub,ASML,Better Artificial Intelligence Stock: ASML vs. Nebius Group,"AI is driving sales growth for both companies, but one stands out as a superior investment.",https://finnhub.io/api/news?id=6a654ae02b201ebc4388122ef0d14c936fae76ea057a2d708d73d3b1b1a6be7c,https://s.yimg.com/rz/stage/p/yahoo_finance_en-US_h_p_finance_2.png,Yahoo,2025-12-04T16:20:00Z,2025-12-10T15:59:13.573044+00:00
finnhub,ASML,ASML Holding N.V. (ASML): A Bull Case Theory,"We came across a bullish thesis on ASML Holding N.V. on Rebound Capital’s Substack. In this article, we will summarize the bulls’ thesis on ASML. ASML Holding N.V.’s share was trading at $1060.00 as of November 28th. ASML’s trailing and forward P/E were 37.71 and 34.48 respectively according to Yahoo Finance. ASML Holding N.V. provides lithography solutions for […]",https://finnhub.io/api/news?id=3eaff6d79e18b4519e986065081b8a36f78ad880e8a38817a2312267e633782d,https://s.yimg.com/rz/stage/p/yahoo_finance_en-US_h_p_finance_2.png,Yahoo,2025-12-04T16:06:18Z,2025-12-10T15:59:13.573044+00:00
finnhub,ASML,Is It Too Late to Consider ASML After Its Strong 2025 Share Price Rally?,"If you are wondering whether ASML Holding is still a smart buy after its huge run, or if most of the upside is already priced in, you are not alone. The stock has climbed 5.9% over the last week, 4.0% over the past month, and is now up 39.6% year to date. This adds to an impressive 42.3% 1 year and 163.0% 5 year gain that has clearly shifted how the market views its long term potential and risk. Recent headlines have focused on ASML's central role in supplying cutting edge lithography...",https://finnhub.io/api/news?id=a60075695ff944983ba7e809486db3236a0f8576aae19b8d5b19d128877831b5,https://s.yimg.com/rz/stage/p/yahoo_finance_en-US_h_p_finance_2.png,Yahoo,2025-12-04T14:15:52Z,2025-12-10T15:59:13.573044+00:00
finnhub,ASML,Here is What to Know Beyond Why ASML Holding N.V. (ASML) is a Trending Stock,"ASML (ASML) has been one of the stocks most watched by Zacks.com users lately. So, it is worth exploring what lies ahead for the stock.",https://finnhub.io/api/news?id=8d7c2d69c1df17396a461e2370e82d8761e2eecdcd5b6f4dbb8fd3eb7a045cf5,https://s.yimg.com/rz/stage/p/yahoo_finance_en-US_h_p_finance_2.png,Yahoo,2025-12-04T14:00:06Z,2025-12-10T15:59:13.573044+00:00
finnhub,ASML,Why Analysts Say ASML Is the Top Semiconductor Pick Heading Into 2026,"ASML Holding N.V. (NASDAQ:ASML) is one of the AI Stocks in Focus This Week. On December 1, Morgan Stanley reiterated an Overweight rating on the stock with a €1,000.00 price target. The firm is optimistic on the stock driven by positive momentum for lithography demand. Analysts have labeled ASML as its Top Pick in European semiconductors […]",https://finnhub.io/api/news?id=36f17aa40a6acc7b60bf7f358ca5fa8fd6911b0c4b7f2a88bce4ae2d0739676f,https://s.yimg.com/rz/stage/p/yahoo_finance_en-US_h_p_finance_2.png,Yahoo,2025-12-04T09:53:29Z,2025-12-10T15:59:13.573044+00:00
finnhub,ASML,Huawei's 2022 patent details novel technique to make 2-nm-class chips without EUV tool,"Huawei Technologies' three-year-old patent for advanced patterning comparable with 2-nanometre grade technology without extreme ultraviolet (EUV) lithography tools has intensified speculation about a potential breakthrough in advanced chips. The US-sanctioned company is working to patent a metal integration technique for manufacturing semiconductors, which allows narrow metal structures to be integrated using deep ultraviolet (DUV) technology even for ""metal pitches below 21nm"", a feature requir",https://finnhub.io/api/news?id=609b4b3951e8aad8b0c07008da3e31df3a3009e5934b2bab364fbb47f182f2c8,https://s.yimg.com/rz/stage/p/yahoo_finance_en-US_h_p_finance_2.png,Yahoo,2025-12-04T09:30:00Z,2025-12-10T15:59:13.573044+00:00
finnhub,ASML,SCHD ETF Alternative Strategy Aimed For Higher Total Return,"Read here for a proven dividend growth stock strategy outperforming SCHD ETF. See top picks, performance data, and key metrics.",https://finnhub.io/api/news?id=c017a105b901f94983ddecbb010e4c5c7e370bb1ce5cba3a64441da8f18c95b6,https://static.seekingalpha.com/cdn/s3/uploads/getty_images/2148089915/image_2148089915.jpg?io=getty-c-w1536,SeekingAlpha,2025-12-03T23:07:54Z,2025-12-10T15:59:13.573044+00:00
finnhub,META,S&P 500: 8 'Big And Rich' Stocks With Near-Term Volatility To Exploit,Discover tactical trading strategies for top tech stocks dominating the S&P 500.,https://finnhub.io/api/news?id=e5ea3a1256a0810b57be43136b8e01e52cc75cb702e640943a990b8e9b4c042f,https://static.seekingalpha.com/cdn/s3/uploads/getty_images/1188531463/image_1188531463.jpg?io=getty-c-w1536,SeekingAlpha,2025-12-10T10:30:29Z,2025-12-10T15:59:44.932172+00:00
finnhub,META,Equinix: Powering The AI Boom With 2.5% Yield And 12% Dividend Growth,"Equinix stock is a top REIT for AI-driven data center growth with solid returns, robust bookings, and attractive valuation. Learn more.",https://finnhub.io/api/news?id=ca88d4c81c0cbb1e91f95c5e218bdd3b2de53fb95f6a7aa7d651875ec81dbfa2,https://static.seekingalpha.com/cdn/s3/uploads/getty_images/2236865789/image_2236865789.jpg?io=getty-c-w1536,SeekingAlpha,2025-12-10T08:00:00Z,2025-12-10T15:59:44.932172+00:00
finnhub,META,Meta Platforms: Still Waiting For A Breakthrough And Revaluation (Rating Upgrade),"Meta Platforms' Family of Apps segment delivers robust profitability, with net profit margin above 30% and ROIC exceeding 23%. Read why META stock is a Buy.",https://finnhub.io/api/news?id=ff0d126086fb49aafc15339ba7a89e20a0da88007c95d8a749ca9e8306e46697,https://static.seekingalpha.com/cdn/s3/uploads/getty_images/1399581176/image_1399581176.jpg?io=getty-c-w1536,SeekingAlpha,2025-12-10T03:15:34Z,2025-12-10T15:59:44.932172+00:00
finnhub,META,Memos From Howard Marks: Is It A Bubble?,,https://finnhub.io/api/news?id=a1950a9a530e88d49e7f36b420e19a600c8c5a646e26dea4e170d95e80f33545,,SeekingAlpha,2025-12-09T18:30:00Z,2025-12-10T15:59:44.932172+00:00
finnhub,META,3 Monthly-Paying Dividend ETFs Perfect for Retirement Income,"After over a decade of ultra-low yields, retirees are finding themselves much more comfortable due to Treasuries yielding sub-5% interest rates. Many investors are locking in that rate. It may be a good idea if you are someone who is very elderly, but stocks have a history of outperforming Treasuries long-term. They also protect you ... 3 Monthly-Paying Dividend ETFs Perfect for Retirement Income",https://finnhub.io/api/news?id=568ec98532389ee0e05efe21da2c719b4bd49a3a7e2486ef442b42af23fd8120,https://s.yimg.com/rz/stage/p/yahoo_finance_en-US_h_p_finance_2.png,Yahoo,2025-12-09T17:47:09Z,2025-12-10T15:59:44.932172+00:00
finnhub,META,Wall Street Firm Stays Bullish on Broadcom (AVGO) Ahead of December 11 Earnings,"Broadcom Inc. (NASDAQ:AVGO) is one of the Must-Watch AI Stocks on Wall Street. On December 5, Mizuho analyst Vijay Rakesh maintained an “Outperform” rating on the stock with a $435 price target. The firm is positive on the stock ahead of earnings as it believes Broadcom is a core AI enabler with multiple near-term and long-term […]",https://finnhub.io/api/news?id=12835218aa919cc93a1724367e910eae98ac4d5559f893835ffd1e06791e51f7,https://s.yimg.com/rz/stage/p/yahoo_finance_en-US_h_p_finance_2.png,Yahoo,2025-12-09T17:33:52Z,2025-12-10T15:59:44.932172+00:00
finnhub,META,Ray-Ban Meta Glasses Gain Momentum but Face Privacy and Competition Challenges,Early sales strength tested as regulators and rivals intensify pressure,https://finnhub.io/api/news?id=04dc6383b5d49ee3d1510c87f659e5a0e84fa7eb31c3c74feb41be11bd9c3421,https://s.yimg.com/rz/stage/p/yahoo_finance_en-US_h_p_finance_2.png,Yahoo,2025-12-09T17:33:12Z,2025-12-10T15:59:44.932172+00:00
finnhub,META,"Apple's $4 Trillion Comeback: Why It's Now Beating Nvidia, Microsoft, and Meta at Their Own Game","As the AI frenzy fades, Apple's slow-and-steady play is turning into Silicon Valley's most valuable contrarian bet.",https://finnhub.io/api/news?id=f1d984a3715204cb2342fd3d5cf2f4bdaf5139e8731b275f5534f6cee78b0cc8,https://s.yimg.com/rz/stage/p/yahoo_finance_en-US_h_p_finance_2.png,Yahoo,2025-12-09T17:15:03Z,2025-12-10T15:59:44.932172+00:00
finnhub,META,Wall Street Sees Upside for META as Metaverse Budget Faces Major Trim,"Meta Platforms, Inc. (NASDAQ:META) is one of the Must-Watch AI Stocks on Wall Street. On December 4, Mizuho analyst Lloyd Walmsley reiterated an Outperform rating on the stock with an $815.00 price target. The rating affirmation follows potential cuts to Metaverse; which signal upside for Meta and could potentially add $2/share to 2026 EPS. A Bloomberg […]",https://finnhub.io/api/news?id=808d5360a919b5cd120535cd71c2dccf3eefbf959dd74f945e4e567aeae76483,https://s.yimg.com/rz/stage/p/yahoo_finance_en-US_h_p_finance_2.png,Yahoo,2025-12-09T17:08:04Z,2025-12-10T15:59:44.932172+00:00
finnhub,META,Top Midday Stories: Nvidia H200 AI Chips' China Access; Google's EU Antitrust Probe; Amazon New York Drivers Join Teamsters Union,All three major US stock indexes were edging higher in late-morning trading on Tuesday after the Fed,https://finnhub.io/api/news?id=a3e7f50ebd9055239ec39df11c2e658f8ae2c9b9850952612c42b475ae7877b3,https://s.yimg.com/rz/stage/p/yahoo_finance_en-US_h_p_finance_2.png,Yahoo,2025-12-09T17:06:37Z,2025-12-10T15:59:44.932172+00:00
finnhub,META,Wall Street Bullish on Meta Platforms (META) Here’s Why,"Meta Platforms, Inc. (NASDAQ:META) is one of the Good Stocks to Buy According to Analysts. Wall Street is bullish on Meta Platforms, Inc. (NASDAQ:META) on December 4, Rocco Strauss from Arete Research upgraded the stock from Hold to Buy with a $718 price target. ​Earlier on December 2, Brad Erickson from RBC Capital also reiterated […]",https://finnhub.io/api/news?id=bd934c68c82ff2fa33a75d9c76fcaf320e814f079b3254febede946cf25f69e6,https://s.yimg.com/rz/stage/p/yahoo_finance_en-US_h_p_finance_2.png,Yahoo,2025-12-09T16:39:29Z,2025-12-10T15:59:44.932172+00:00
finnhub,META,Ray-Ban Meta glasses take off but face privacy and competition test,"By Elisa Anzolin and Gianluca Lo Nostro MILAN, Dec 9 (Reuters) - EssilorLuxottica is betting big on smart eyewear and the gamble is about to be tested.",https://finnhub.io/api/news?id=1bb80a2d28696833c9a7678d96a296b741e313256edce6a891028215fb80c853,https://s.yimg.com/rz/stage/p/yahoo_finance_en-US_h_p_finance_2.png,Yahoo,2025-12-09T16:19:54Z,2025-12-10T15:59:44.932172+00:00
finnhub,META,What Trump's Nvidia China sales approval means for the Mag 7,"President Trump announced on Monday that he has approved Nvidia (NVDA) selling H200 chips in China. Yahoo Finance Senior Reporter Ines Ferré, Siebert Financial chief investment officer Mark Malek, and Principal Asset Management chief global strategist Seema Shah join Opening Bid host Brian Sozzi to discuss the impact on Nvidia, the artificial intelligence (AI) trade, and the ""Magnificent Seven."" To watch more expert insights and analysis on the latest market action, check out more Opening Bid.",https://finnhub.io/api/news?id=e8c6a49656bc6755602a9c399ca6018ae09023db4107de6a71b43cc18375846d,https://s.yimg.com/rz/stage/p/yahoo_finance_en-US_h_p_finance_2.png,Yahoo,2025-12-09T16:00:00Z,2025-12-10T15:59:44.932172+00:00
finnhub,META,Tracking Dan Loeb's Third Point Portfolio - Q3 2025 Update,"Third Point's Q3 2025 13F reveals new SPY Puts, top holdings, and major stock shifts.",https://finnhub.io/api/news?id=163fbfdfed6472c3fd6700b5b6b9b429980388a4cdcea8f7b3af975e4504ead1,https://static.seekingalpha.com/cdn/s3/uploads/getty_images/186805810/image_186805810.jpg?io=getty-c-w1536,SeekingAlpha,2025-12-09T15:58:41Z,2025-12-10T15:59:44.932172+00:00
finnhub,META,Pinterest Down 14.7% in a Year: Should You Avoid the Stock?,"PINS faces falling ad prices, slowing regional growth and weaker estimates as macro and competitive pressures weigh on its outlook.",https://finnhub.io/api/news?id=fdda99ca54cdc9ed7a8dceca49dd94705efe6fc4c7ca7ce93dc47ec4ef3a4504,https://s.yimg.com/rz/stage/p/yahoo_finance_en-US_h_p_finance_2.png,Yahoo,2025-12-09T15:46:00Z,2025-12-10T15:59:44.932172+00:00
finnhub,META,"'It Feels Like The World Just Changed, Again' Salesforce CEO Says Google's Gemini 3 Is 'Sharper And Faster' Than ChatGPT","SalesForce (NYSE:CRM) CEO Marc Benioff says he won't use ChatGPT again after trying Google Gemini 3 ""I've used ChatGPT every day for 3 years,"" Benioff said in a Nov. 23 post on X. ""Just spent 2 hours on Gemini 3. I'm not going back."" Google's AI model is ""sharper and faster"" than ChatGPT when it comes to ""reasoning, speed, images, video,"" he said, adding that, ""It feels like the world just changed, again."" Don't Miss: The AI Marketing Platform Backed by Insiders from Google, Meta, and Amazon — I",https://finnhub.io/api/news?id=cbc969ef12a9268d5d857723fdcbaf351ce9d0129a72b3ebe5c3084da7ccda63,https://s.yimg.com/rz/stage/p/yahoo_finance_en-US_h_p_finance_2.png,Yahoo,2025-12-09T15:16:13Z,2025-12-10T15:59:44.932172+00:00
finnhub,META,2M Raised in 100 Days: Seoul Beauty Club Rides K-Beauty Export Surge to the U.S.,"LA-to-Seoul startup, founded by ex-Apple and ex-Kim & Chang talent, raises $2 million within 100 days of beta launch by reinventing how Korean skincare reaches women 30+ LOS ANGELES, CALIFORNIA / ACCESS Newswire / December 9, 2025 / Seoul Beauty Club(SBC), ...",https://finnhub.io/api/news?id=cbd118f92a0561cac9c474cf3bc93e186e4260c94289f1d8992525e101bc7be7,https://s.yimg.com/rz/stage/p/yahoo_finance_en-US_h_p_finance_2.png,Yahoo,2025-12-09T15:00:00Z,2025-12-10T15:59:44.932172+00:00
finnhub,META,7 Surprising Stocks Warren Buffett Refuses To Own — and Why,Discover seven surprising stocks Warren Buffett refuses to own and learn the reasons behind his decisions to avoid these investments.,https://finnhub.io/api/news?id=4d26af33280ef2d0fc3d6df0109aa39d1e08d60f447eb65640100b5ba5f4c2c7,https://s.yimg.com/rz/stage/p/yahoo_finance_en-US_h_p_finance_2.png,Yahoo,2025-12-09T14:56:03Z,2025-12-10T15:59:44.932172+00:00
finnhub,META,Australia Just Banned Teens from Social Media--And Reddit's Next Move Could Be a Game-Changer,Global platforms scramble as under-16s vanish from Instagram and TikTok--investors eye the next youth migration wave.,https://finnhub.io/api/news?id=40769bd96915054f259d22f4eac43420db912f7a11a0ad83c80c8546be4b24ad,https://s.yimg.com/rz/stage/p/yahoo_finance_en-US_h_p_finance_2.png,Yahoo,2025-12-09T14:34:47Z,2025-12-10T15:59:44.932172+00:00
finnhub,META,"Stock Market News for Dec 9, 2025","Wall Street closed lower on Monday, pulled down by communication and consumer stocks.",https://finnhub.io/api/news?id=35a2065c526d98305329cb3af321f38512e1c09afa2e3abdf46ee7321237d713,https://s.yimg.com/rz/stage/p/yahoo_finance_en-US_h_p_finance_2.png,Yahoo,2025-12-09T14:28:00Z,2025-12-10T15:59:44.932172+00:00
finnhub,AMZN,S&P 500: 8 'Big And Rich' Stocks With Near-Term Volatility To Exploit,Discover tactical trading strategies for top tech stocks dominating the S&P 500.,https://finnhub.io/api/news?id=e5ea3a1256a0810b57be43136b8e01e52cc75cb702e640943a990b8e9b4c042f,https://static.seekingalpha.com/cdn/s3/uploads/getty_images/1188531463/image_1188531463.jpg?io=getty-c-w1536,SeekingAlpha,2025-12-10T10:30:29Z,2025-12-10T16:00:18.004298+00:00
finnhub,AMZN,Amazon Is The Next Mega Cap To Move,"Amazon is positioned to outperform mega-cap peers, driven by its expansive data center footprint and AI infrastructure leadership. Read why AMZN stock is a Buy.",https://finnhub.io/api/news?id=a320aa4e71275e3fc512ae9863e726a655a03be0fc4155b9a1a55ef50688f10e,https://static.seekingalpha.com/cdn/s3/uploads/getty_images/1317474419/image_1317474419.jpg?io=getty-c-w1536,SeekingAlpha,2025-12-10T01:31:48Z,2025-12-10T16:00:18.004298+00:00
finnhub,AMZN,Oracle's OpenAI reliance faces scrutiny as debt-fueled AI buildout raises worries,"Months after Oracle's $400 billion-plus contract backlog ignited a stock-market frenzy, the enthusiasm has given way to doubts about its reliance on OpenAI and debt-fueled datacenter buildout, which will dominate its earnings on Wednesday.  A smaller player ​in the cloud market for a long time, Oracle this year staked claim as one of the bigger providers of the rented ‌computing power essential for generative AI thanks to its tie-up with ChatGPT-creator OpenAI.  It is vying with industry giants Amazon.com, Microsoft and Google for a piece of the lucrative market ‌as companies adopt AI and startups developing the technology rush to secure access to capacity.",https://finnhub.io/api/news?id=4122d6c027141530bdd5b80e948b95181a807f1b795b8fb62223adf4ca6d3fb0,https://s.yimg.com/rz/stage/p/yahoo_finance_en-US_h_p_finance_2.png,Yahoo,2025-12-09T18:35:20Z,2025-12-10T16:00:18.004298+00:00
finnhub,AMZN,"MSFT: Microsoft Unveils $23 Billion AI Investment Plan to Challenge Amazon, Google","Microsoft Bets Big on AI: $23 Billion Injection Across India, Canada, UAE, and Portugal",https://finnhub.io/api/news?id=a9d2b74ed0e573e262ad8e685fff37e027082975a8cea90bc114a7d0819379fc,https://s.yimg.com/rz/stage/p/yahoo_finance_en-US_h_p_finance_2.png,Yahoo,2025-12-09T17:15:40Z,2025-12-10T16:00:18.004298+00:00
finnhub,AMZN,Top Midday Stories: Nvidia H200 AI Chips' China Access; Google's EU Antitrust Probe; Amazon New York Drivers Join Teamsters Union,All three major US stock indexes were edging higher in late-morning trading on Tuesday after the Fed,https://finnhub.io/api/news?id=a3e7f50ebd9055239ec39df11c2e658f8ae2c9b9850952612c42b475ae7877b3,https://s.yimg.com/rz/stage/p/yahoo_finance_en-US_h_p_finance_2.png,Yahoo,2025-12-09T17:06:37Z,2025-12-10T16:00:18.004298+00:00
finnhub,AMZN,Will Customer Defections Crumble Marvell Technology’s AI Empire?,"Marvell Technology‘s (NASDAQ:MRVL) stock tumbled 7% yesterday, erasing recent gains on increasing investor jitters about its position in the artificial intelligence (AI) chip sector. What caused the decline was a downgrade from Benchmark analyst Cody Acree, who shifted his rating on Marvell stock from buy to hold, citing his “high conviction” that the chip designer ... Will Customer Defections Crumble Marvell Technology’s AI Empire?",https://finnhub.io/api/news?id=fd48ac58664d29c3690fbed7929107738de987ccdf9930b3bc8b2f0bd21a91b9,https://s.yimg.com/rz/stage/p/yahoo_finance_en-US_h_p_finance_2.png,Yahoo,2025-12-09T16:51:23Z,2025-12-10T16:00:18.004298+00:00
finnhub,AMZN,Why KeyBanc Remains Bullish on Amazon (AMZN) After AWS re:Invent,"Amazon.com, Inc. (NASDAQ:AMZN) is one of the Must-Watch AI Stocks on Wall Street. On December 5, KeyBanc analyst Justin Patterson reiterated an “Overweight” rating on the stock with a $303.00 price target. The rating affirmation reflects firm optimism post AWS re:Invent, with analysts signaling confidence in AWS momentum and long-term AI growth. KeyBanc is particularly encouraged […]",https://finnhub.io/api/news?id=0d5885809cad7b8c076bc726719e72a5d765c0165863f73ef4b041a6a4605a9f,https://s.yimg.com/rz/stage/p/yahoo_finance_en-US_h_p_finance_2.png,Yahoo,2025-12-09T16:49:07Z,2025-12-10T16:00:18.004298+00:00
finnhub,AMZN,Reply achieves the AWS Agentic AI Specialization and is named an Implementation Partner for Amazon Bedrock AgentCore,"Reply achieves the AWS Agentic AI Specialization and is named an Implementation Partner for Amazon Bedrock AgentCore Reply achieves the AWS Agentic AI Specialization and is named an Implementation Partner for Amazon Bedrock AgentCore TURIN, Italy, Dec. 09, 2025 (GLOBE NEWSWIRE) -- Reply [EXM, STAR: REY] announced that it has achieved the AWS Agentic AI Specialization, a new category within the AWS AI Competency. This recognition positions Reply and its companies specialized in AWS technologies -",https://finnhub.io/api/news?id=0c129cae5a5c7bfd3af6220ba4a38c4eb5f8f2a70f96215ca883ac24677a7367,https://s.yimg.com/rz/stage/p/yahoo_finance_en-US_h_p_finance_2.png,Yahoo,2025-12-09T16:40:00Z,2025-12-10T16:00:18.004298+00:00
finnhub,AMZN,"Wall Street Bullish on NVIDIA Corporation (NVDA), Amidst New Partnerships","​NVIDIA Corporation (NASDAQ:NVDA) is one of the Good Stocks to Buy According to Analysts. On December 3, NVIDIA Corporation (NASDAQ:NVDA) was reiterated with a Buy rating and a $275 price target by Vivek Arya of Bank of America Securities. Earlier on December 1, Joseph Moore from Morgan Stanley also reiterated a Buy rating on the […]",https://finnhub.io/api/news?id=2e5ef793887adb139c2c5d7343af4eabd0527cf22269f02f8f4ef7d46480c026,https://s.yimg.com/rz/stage/p/yahoo_finance_en-US_h_p_finance_2.png,Yahoo,2025-12-09T16:39:39Z,2025-12-10T16:00:18.004298+00:00
finnhub,AMZN,Can Microsoft Stock Sustain Its AI Infrastructure Investment Pace?,"MSFT's soaring AI infrastructure spend, up 74% to $34.9B, raises fresh questions over how long the company can maintain its aggressive expansion pace.",https://finnhub.io/api/news?id=92333abdb7c0f2a6a0b569c5fb6ba161c47d4ad011b89e0619f1df9ff057d81d,https://s.yimg.com/rz/stage/p/yahoo_finance_en-US_h_p_finance_2.png,Yahoo,2025-12-09T16:30:00Z,2025-12-10T16:00:18.004923+00:00
finnhub,AMZN,3 Stocks That Could Skyrocket Before the End of 2025,All of these stocks have near-term catalysts as well as long-term opportunities.,https://finnhub.io/api/news?id=f4173293265e6d035c84c5ca746e621bd26032b34421d70d38988c84f25226c4,https://s.yimg.com/rz/stage/p/yahoo_finance_en-US_h_p_finance_2.png,Yahoo,2025-12-09T16:25:00Z,2025-12-10T16:00:18.004923+00:00
finnhub,AMZN,Microsoft to invest $17.5B in India by 2029 as AI race accelerates,The latest is Microsoft's largest investment in Asia.,https://finnhub.io/api/news?id=2deae1377db763233d51dc00d5c348df90dbbcd7332cc90891257cbaa659d888,https://s.yimg.com/rz/stage/p/yahoo_finance_en-US_h_p_finance_2.png,Yahoo,2025-12-09T16:20:12Z,2025-12-10T16:00:18.004923+00:00
finnhub,AMZN,Rubrik Launches Agent Cloud for Amazon Bedrock AgentCore to Enhance AI Agent Governance Across Multi-Cloud,"Rubrik Inc. (NYSE:RBRK) is one of the best new tech stocks to buy right now. On December 1, Rubrik announced Rubrik Agent Cloud for Amazon Bedrock AgentCore. The new integration allows Amazon Bedrock AgentCore customers to easily enable monitoring, governance, and remediation for AI agents deployed across multi-cloud resources and infrastructure. The service is built […]",https://finnhub.io/api/news?id=27f56d802e67bae93f19a28090a4e4499cd20d4fced39b98012a0ab1b54ef3e2,https://s.yimg.com/rz/stage/p/yahoo_finance_en-US_h_p_finance_2.png,Yahoo,2025-12-09T16:19:20Z,2025-12-10T16:00:18.004923+00:00
finnhub,AMZN,Ray-Ban Meta glasses take off but face privacy and competition test,"EssilorLuxottica is betting big on smart eyewear and the gamble is about to be tested.  Its Ray-Ban Meta glasses, powered by artificial intelligence, have delivered their first meaningful revenue boost this year, but analysts warn that privacy concerns and a wave of new rivals could limit their growth.  Yet the same features that promise to make the AI-powered frames - born from the collaboration between Mark Zuckerberg's Meta and French-Italian eyewear giant EssilorLuxottica - into a must-have device are sparking concerns, as bystanders have little control over being recorded or ‌how their data is handled.",https://finnhub.io/api/news?id=213022579b86a623c4f0d5a43f8513aae5f60f0a229bdeb22fb6e96582d003f2,https://s.yimg.com/rz/stage/p/yahoo_finance_en-US_h_p_finance_2.png,Yahoo,2025-12-09T16:14:24Z,2025-12-10T16:00:18.004923+00:00
finnhub,AMZN,What Trump's Nvidia China sales approval means for the Mag 7,"President Trump announced on Monday that he has approved Nvidia (NVDA) selling H200 chips in China. Yahoo Finance Senior Reporter Ines Ferré, Siebert Financial chief investment officer Mark Malek, and Principal Asset Management chief global strategist Seema Shah join Opening Bid host Brian Sozzi to discuss the impact on Nvidia, the artificial intelligence (AI) trade, and the ""Magnificent Seven."" To watch more expert insights and analysis on the latest market action, check out more Opening Bid.",https://finnhub.io/api/news?id=e8c6a49656bc6755602a9c399ca6018ae09023db4107de6a71b43cc18375846d,https://s.yimg.com/rz/stage/p/yahoo_finance_en-US_h_p_finance_2.png,Yahoo,2025-12-09T16:00:00Z,2025-12-10T16:00:18.004923+00:00
finnhub,AMZN,Dollar Stores Top Mag-7 in 2025: Time for Value & Dividend ETFs?,"Dollar stores are crushing the Mag-7 in 2025, signaling a shift to value. Is it time to look at RPV, RSPS, FLOW, MDPL and SDY?",https://finnhub.io/api/news?id=ee33849e6c947438310cd1800767e70bda8ffa94db55145e49c6d8fdd67feea4,https://s.yimg.com/rz/stage/p/yahoo_finance_en-US_h_p_finance_2.png,Yahoo,2025-12-09T16:00:00Z,2025-12-10T16:00:18.004923+00:00
finnhub,AMZN,San Francisco Downtown Development Corporation Announces Over $60 Million in Early Contributions and Commitments to Revitalize and Reimagine Downtown,"The San Francisco Downtown Development Corporation (DDC), the nonprofit public benefit corporation working alongside civic, business, labor, and philanthropic leaders to revitalize the heart of downtown San Francisco, today announced over $60 million in contributions and commitments from philanthropic, corporate, and individual partners, including support from Google, Ripple, Thoma Bravo, Amazon, and OpenAI. This is one of the largest privately driven investments in downtown's post-pandemic reco",https://finnhub.io/api/news?id=dddce64090bcfa9b1464c3d0067064384562df2a7241051ecce21a170945ae5b,https://s.yimg.com/rz/stage/p/yahoo_finance_en-US_h_p_finance_2.png,Yahoo,2025-12-09T16:00:00Z,2025-12-10T16:00:18.004923+00:00
finnhub,AMZN,Tracking Dan Loeb's Third Point Portfolio - Q3 2025 Update,"Third Point's Q3 2025 13F reveals new SPY Puts, top holdings, and major stock shifts.",https://finnhub.io/api/news?id=163fbfdfed6472c3fd6700b5b6b9b429980388a4cdcea8f7b3af975e4504ead1,https://static.seekingalpha.com/cdn/s3/uploads/getty_images/186805810/image_186805810.jpg?io=getty-c-w1536,SeekingAlpha,2025-12-09T15:58:41Z,2025-12-10T16:00:18.004923+00:00
finnhub,AMZN,"Marvell Stock Falls on Microsoft, Amazon Fears. ‘Block Out the Noise.’",Analysts at Stifel and J.P. Morgan pushed back on reports the chip maker is losing important orders for custom chips.,https://finnhub.io/api/news?id=53998c2e4febf6f0ef766852b059842c2ea99940f0616c8f307cd57017d13187,https://s.yimg.com/rz/stage/p/yahoo_finance_en-US_h_p_finance_2.png,Yahoo,2025-12-09T15:49:00Z,2025-12-10T16:00:18.004923+00:00
finnhub,AMZN,Bezos Is Quietly Bullish on Trump Accounts and Insiders Expect a Huge Contribution,"There’s plenty of intrigue (and rightly so) around president Donald Trump’s policies. No matter whether we’re talking trade, immigration, or economic policies – doesn’t matter. This current president has rolled out a number of key changes across most areas of society and the economy that are hard to ignore. Whether you’re a fan of his ... Bezos Is Quietly Bullish on Trump Accounts and Insiders Expect a Huge Contribution",https://finnhub.io/api/news?id=bd8eb85db90ce551a123c5aeddffbd3b6084342037d9bf179181037ba0031500,https://s.yimg.com/rz/stage/p/yahoo_finance_en-US_h_p_finance_2.png,Yahoo,2025-12-09T15:23:45Z,2025-12-10T16:00:18.004923+00:00
